episode,score,steps,total_steps,exploration,mean_loss,elapsed_seconds,terminated,truncated
1,130.0,385,385,1.0,nan,0.9146941299999298,True,False
2,410.0,702,1087,0.1,0.02458550172741525,5.571356855999966,True,False
3,830.0,710,1797,0.1,0.026179445656575654,10.906734250999989,True,False
4,910.0,798,2595,0.1,0.03252574910196808,13.741416303999927,True,False
5,800.0,635,3230,0.1,0.03328272808085447,16.25591799499989,True,False
6,340.0,520,3750,0.1,0.03467931605006855,18.58059317099992,True,False
7,1160.0,624,4374,0.1,0.0325068981149413,20.77081163999992,True,False
8,510.0,649,5023,0.1,0.03241943268760763,23.1807111359999,True,False
9,420.0,569,5592,0.1,0.03497453801206906,25.542258944999958,True,False
10,330.0,460,6052,0.1,0.036119945723887374,27.25193583099997,True,False
11,610.0,635,6687,0.1,0.03817219198666678,30.152072300999976,True,False
12,620.0,519,7206,0.1,0.036605556617276026,32.14554931199996,True,False
13,550.0,706,7912,0.1,0.03309401527499664,34.74614867399998,True,False
14,830.0,870,8782,0.1,0.0391743930533082,37.766276870999945,True,False
15,450.0,484,9266,0.1,0.03679556124805173,39.55717415799995,True,False
16,790.0,585,9851,0.1,0.03868431405304638,42.1312245339999,True,False
17,770.0,638,10489,0.1,0.040327353414613756,44.81216863899999,True,False
18,480.0,480,10969,0.1,0.03784314051348095,46.5806294759999,True,False
19,360.0,417,11386,0.1,0.04363121017097281,48.152594484999895,True,False
20,820.0,535,11921,0.1,0.03947984577337308,50.07357635899996,True,False
21,1040.0,877,12798,0.1,0.04290183047980887,53.21664422399999,True,False
22,810.0,709,13507,0.1,0.04170849736211663,56.50522828099997,True,False
23,360.0,457,13964,0.1,0.042637391305407106,58.207366351999895,True,False
24,520.0,604,14568,0.1,0.040830212171090806,60.37394364699992,True,False
25,660.0,700,15268,0.1,0.04114560616601791,62.836490117999915,True,False
26,560.0,505,15773,0.1,0.04318951692668691,66.55133733999992,True,False
27,430.0,434,16207,0.1,0.03996853484703159,68.690036867,True,False
28,1620.0,858,17065,0.1,0.041656274454624845,71.73058377299992,True,False
29,550.0,708,17773,0.1,0.04208253415322489,74.26795950799999,True,False
30,830.0,863,18636,0.1,0.04301217582973617,77.30033271399998,True,False
31,290.0,428,19064,0.1,0.04331854877070846,78.98817675099997,True,False
32,480.0,603,19667,0.1,0.04452922690349321,81.79411130999995,True,False
33,700.0,706,20373,0.1,0.04552686331520057,84.93461375799995,True,False
34,1200.0,929,21302,0.1,0.04121991750736047,88.62463775599997,True,False
35,490.0,578,21880,0.1,0.04103009841115824,90.74291863399992,True,False
36,580.0,701,22581,0.1,0.038931669084621326,93.84849573299994,True,False
37,500.0,708,23289,0.1,0.043451123599931175,96.47739694999996,True,False
38,1090.0,992,24281,0.1,0.041755226977740326,99.98305551499993,True,False
39,920.0,760,25041,0.1,0.044059071729057715,102.673121165,True,False
40,530.0,543,25584,0.1,0.0563441407353179,104.85750730999996,True,False
41,350.0,474,26058,0.1,0.05174550328056438,107.1291514159999,True,False
42,750.0,568,26626,0.1,0.06281387098920597,109.18446976899997,True,False
43,400.0,412,27038,0.1,0.048021744963830534,110.75824810699999,True,False
44,320.0,436,27474,0.1,0.047469551593851335,112.392985361,True,False
45,330.0,423,27897,0.1,0.05482345030484897,113.99725982099994,True,False
46,600.0,590,28487,0.1,0.05925397200471893,116.15265578699996,True,False
47,540.0,497,28984,0.1,0.05660656860470772,118.42995406599994,True,False
48,420.0,517,29501,0.1,0.06909519361779672,120.651696743,True,False
49,820.0,758,30259,0.1,0.06932167699511246,123.37399690799998,True,False
50,830.0,709,30968,0.1,0.06538944388478157,125.94820037599993,True,False
51,610.0,631,31599,0.1,0.0700628097928396,130.33215138599996,True,False
52,1010.0,722,32321,0.1,0.07160433775935714,133.44568740199998,True,False
53,730.0,774,33095,0.1,0.07015474021936637,136.22040960799995,True,False
54,290.0,467,33562,0.1,0.0682153011727919,137.95375726399993,True,False
55,680.0,656,34218,0.1,0.06740130556224869,140.332829425,True,False
56,840.0,688,34906,0.1,0.06756857385165817,142.99260309699991,True,False
57,320.0,479,35385,0.1,0.059658597510618465,145.34166983599994,True,False
58,680.0,621,36006,0.1,0.06931958020394367,147.67793571899995,True,False
59,1590.0,934,36940,0.1,0.06782304079661894,151.02598538899997,True,False
60,180.0,501,37441,0.1,0.06723628214746713,152.91067826699998,True,False
61,740.0,611,38052,0.1,0.07111599263461198,155.27170773699993,True,False
62,1030.0,718,38770,0.1,0.07692546381318537,158.54013003799992,True,False
63,790.0,566,39336,0.1,0.05839905601886796,160.61014629499994,True,False
64,810.0,643,39979,0.1,0.07253453151788562,162.94282103199987,True,False
65,770.0,667,40646,0.1,0.0689057032103667,165.40227088699987,True,False
66,480.0,472,41118,0.1,0.0785624633259061,167.17791458099998,True,False
67,310.0,494,41612,0.1,0.0763963766681451,169.38234837499988,True,False
68,930.0,738,42350,0.1,0.07154387959441089,172.29208410700005,True,False
69,300.0,393,42743,0.1,0.076946743364845,173.81073402200002,True,False
70,320.0,375,43118,0.1,0.0799724406741084,175.2262154849999,True,False
71,460.0,427,43545,0.1,0.07497919424846072,176.848899921,True,False
72,290.0,403,43948,0.1,0.09012828492513388,178.348701494,True,False
73,320.0,432,44380,0.1,0.09343914409961414,179.94270890199994,True,False
74,1070.0,1047,45427,0.1,0.08821839974101248,184.35238703099992,True,False
75,450.0,584,46011,0.1,0.08341343310495762,186.48624389199983,True,False
76,500.0,505,46516,0.1,0.0757266297921773,190.47097310399988,True,False
77,280.0,459,46975,0.1,0.07063667835635051,192.14535586099998,True,False
78,260.0,379,47354,0.1,0.07456203346189699,193.75488980299986,True,False
79,390.0,539,47893,0.1,0.0772145479089684,196.23361688199986,True,False
80,980.0,620,48513,0.1,0.06886081809718762,198.39768323400006,True,False
81,470.0,584,49097,0.1,0.07150701913752988,200.48497073099986,True,False
82,1460.0,931,50028,0.1,0.070767295818632,203.68530898799997,True,False
83,940.0,732,50760,0.1,0.06590363270313036,206.43191695099983,True,False
84,600.0,539,51299,0.1,0.07004836693739713,208.9410919149999,True,False
85,1430.0,744,52043,0.1,0.07821374810651265,211.56205712999997,True,False
86,470.0,537,52580,0.1,0.06236769134799639,213.48289565899984,True,False
87,410.0,386,52966,0.1,0.06807195237100434,214.926428546,True,False
88,530.0,553,53519,0.1,0.07585863411372555,216.94870344499998,True,False
89,680.0,573,54092,0.1,0.06606340182608822,219.15080538099994,True,False
90,310.0,477,54569,0.1,0.0853226440606498,221.41425497900002,True,False
91,860.0,1080,55649,0.1,0.08153396049790361,225.09372209900005,True,False
92,840.0,615,56264,0.1,0.09050018961432499,227.2232652639999,True,False
93,460.0,450,56714,0.1,0.07293293445504137,228.85061344200005,True,False
94,490.0,493,57207,0.1,0.10818558065144997,230.58891907500004,True,False
95,620.0,504,57711,0.1,0.10776026067989213,232.70566905199996,True,False
96,660.0,651,58362,0.1,0.10067835203343374,235.30537196199987,True,False
97,700.0,669,59031,0.1,0.07229716696603569,237.69377311999995,True,False
98,460.0,410,59441,0.1,0.08604207179210718,239.21810636999987,True,False
99,440.0,425,59866,0.1,0.08965813765688888,240.7540138999999,True,False
100,460.0,611,60477,0.1,0.10854883916262123,242.93820794600003,True,False
101,360.0,425,60902,0.1,0.10359724946671499,246.88141412699986,True,False
102,520.0,523,61425,0.1,0.1172367098904748,248.72094723199996,True,False
103,840.0,852,62277,0.1,0.10446307175473568,251.6942169969999,True,False
104,1690.0,1088,63365,0.1,0.1034830253886278,255.4236936599999,True,False
105,350.0,396,63761,0.1,0.10468862819099667,257.09236863900003,True,False
106,1470.0,1159,64920,0.1,0.08607464447810219,261.4593991769999,True,False
107,660.0,519,65439,0.1,0.08365446865529746,263.2987798569999,True,False
108,630.0,1024,66463,0.1,0.08096185999602312,266.8106249859999,True,False
109,1300.0,869,67332,0.1,0.0820285644544579,270.06276453,True,False
110,920.0,744,68076,0.1,0.07414886679860853,273.05620362,True,False
111,1050.0,971,69047,0.1,0.07713781086312345,276.3805572729999,True,False
112,930.0,848,69895,0.1,0.06719701815800706,279.26410453100004,True,False
113,490.0,479,70374,0.1,0.07560664601624012,280.978233014,True,False
114,370.0,649,71023,0.1,0.06491375287971747,283.88856470300004,True,False
115,1200.0,692,71715,0.1,0.08039621450006962,286.384366052,True,False
116,1110.0,519,72234,0.1,0.07542324118459454,288.25735729099995,True,False
117,880.0,779,73013,0.1,0.08512538138490457,291.09590673699984,True,False
118,930.0,699,73712,0.1,0.09171188397066934,293.670196939,True,False
119,1240.0,619,74331,0.1,0.09373865089705818,296.56275427799994,True,False
120,660.0,642,74973,0.1,0.08901619358763377,298.996366041,True,False
121,500.0,556,75529,0.1,0.09586010211341672,301.184204047,True,False
122,420.0,491,76020,0.1,0.09027260248132837,303.087179279,True,False
123,960.0,792,76812,0.1,0.09634371839388452,306.024441037,True,False
124,1510.0,902,77714,0.1,0.08908082941340076,310.03024585599985,True,False
125,1210.0,1037,78751,0.1,0.09151354343648353,313.78999687299995,True,False
126,1300.0,749,79500,0.1,0.07740670669962593,318.9349614639999,True,False
127,440.0,491,79991,0.1,0.07573678527699142,321.2052823559999,True,False
128,590.0,703,80694,0.1,0.08921899620591747,324.206697558,True,False
129,1480.0,724,81418,0.1,0.06824407509903717,326.96269452599984,True,False
130,250.0,403,81821,0.1,0.07563147046557157,328.61976287999994,True,False
131,740.0,554,82375,0.1,0.07930601762094791,330.79434856399996,True,False
132,620.0,530,82905,0.1,0.08447704331851319,333.1078874819999,True,False
133,300.0,382,83287,0.1,0.09500514959034166,335.22638421199997,True,False
134,370.0,511,83798,0.1,0.08352776159881614,337.2514398049999,True,False
135,880.0,527,84325,0.1,0.09016872937508831,339.300409176,True,False
136,880.0,856,85181,0.1,0.08988317710164691,342.46434405799994,True,False
137,670.0,664,85845,0.1,0.09983968961961477,345.0104237229999,True,False
138,270.0,404,86249,0.1,0.0963713112056698,347.08712180300006,True,False
139,220.0,312,86561,0.1,0.1031410418307552,348.7517737919999,True,False
140,410.0,472,87033,0.1,0.11271816552064176,350.55113306500004,True,False
141,590.0,591,87624,0.1,0.10589468099705472,352.783204619,True,False
142,720.0,544,88168,0.1,0.10525410934625302,354.906839397,True,False
143,680.0,710,88878,0.1,0.09439560860437525,357.63913909099995,True,False
144,460.0,453,89331,0.1,0.1082605389235294,359.73507921099997,True,False
145,1540.0,666,89997,0.1,0.08760969628563184,362.56946046899986,True,False
146,1110.0,905,90902,0.1,0.09162684572258947,365.883169675,True,False
147,1360.0,927,91829,0.1,0.09585170489575329,369.20376559199997,True,False
148,430.0,513,92342,0.1,0.09605548904801253,371.19747094799993,True,False
149,610.0,655,92997,0.1,0.09445743271853865,374.43383057099993,True,False
150,300.0,427,93424,0.1,0.08394786344719267,376.117355752,True,False
151,1100.0,700,94124,0.1,0.08112550105367387,381.17528144000005,True,False
152,390.0,477,94601,0.1,0.08168450446345475,383.00555928899996,True,False
153,530.0,581,95182,0.1,0.08835907829604273,385.58248893200005,True,False
154,670.0,618,95800,0.1,0.10599082389305677,388.31979897300005,True,False
155,920.0,646,96446,0.1,0.09670798280363127,390.75905027299984,True,False
156,830.0,598,97044,0.1,0.1073550154392918,393.091888778,True,False
157,940.0,761,97805,0.1,0.10971239010166181,395.88140032599983,True,False
158,1080.0,608,98413,0.1,0.10719655030774639,398.5912307709999,True,False
159,1510.0,769,99182,0.1,0.10141922978800721,401.65074310399984,True,False
160,380.0,519,99701,0.1,0.08875033441357888,403.61309189899987,True,False
161,1300.0,567,100268,0.1,0.09363678600114415,405.756228459,True,False
162,540.0,687,100955,0.1,0.09298472766007422,408.28809694999984,True,False
163,1480.0,841,101796,0.1,0.08341093784224649,411.9823615879999,True,False
164,340.0,341,102137,0.1,0.07032110116937582,413.39395907100004,True,False
165,300.0,330,102467,0.1,0.08799779410587578,414.70633973199995,True,False
166,550.0,448,102915,0.1,0.09790590600044068,416.4300134019999,True,False
167,460.0,458,103373,0.1,0.08011312329250833,418.24541882200003,True,False
168,360.0,435,103808,0.1,0.0986401448111742,419.984230184,True,False
169,490.0,517,104325,0.1,0.12530816801238892,421.94257100699986,True,False
170,660.0,591,104916,0.1,0.11745627345265569,424.82107703300005,True,False
171,440.0,493,105409,0.1,0.10668892115051669,426.778863957,True,False
172,850.0,751,106160,0.1,0.1136818126814955,429.5362711209999,True,False
173,820.0,663,106823,0.1,0.10609595509189548,431.96503680399985,True,False
174,930.0,715,107538,0.1,0.10144120700366004,434.60807543399994,True,False
175,590.0,523,108061,0.1,0.1316136498686694,437.02872823199993,True,False
176,1330.0,830,108891,0.1,0.1038685326019059,442.7442745699999,True,False
177,240.0,419,109310,0.1,0.09981907785293602,444.31157833300006,True,False
178,460.0,504,109814,0.1,0.10426325022819496,446.15395341400006,True,False
179,450.0,399,110213,0.1,0.12427029337733984,447.6893353659999,True,False
180,1260.0,792,111005,0.1,0.10611704864887277,451.195411388,True,False
181,780.0,590,111595,0.1,0.11680210562942385,453.3533956739999,True,False
182,650.0,760,112355,0.1,0.11380246856102819,456.06017681699984,True,False
183,620.0,585,112940,0.1,0.1131343014069459,458.206294488,True,False
184,550.0,492,113432,0.1,0.11936511123568062,460.0156226359999,True,False
185,690.0,730,114162,0.1,0.12299174685440548,463.447507276,True,False
186,600.0,594,114756,0.1,0.09926502523481245,465.65409531299986,True,False
187,330.0,449,115205,0.1,0.09738737736396226,467.33261108,True,False
188,360.0,412,115617,0.1,0.11540257451531377,468.911203172,True,False
189,830.0,619,116236,0.1,0.12098549827933311,471.15653939499987,True,False
190,510.0,507,116743,0.1,0.09436114837548562,473.0533241659999,True,False
191,470.0,496,117239,0.1,0.11556145936370857,475.577759078,True,False
192,440.0,393,117632,0.1,0.10915695945497113,477.23088743000005,True,False
193,430.0,504,118136,0.1,0.12643096269300533,479.1763534579999,True,False
194,1500.0,698,118834,0.1,0.1314721667025795,481.78935714199986,True,False
195,560.0,525,119359,0.1,0.10545176355779626,483.83842195,True,False
196,730.0,615,119974,0.1,0.11776343115012754,486.32000752700003,True,False
197,630.0,546,120520,0.1,0.13432362350723603,489.06340414299996,True,False
198,560.0,498,121018,0.1,0.12528315046051097,490.9577236859999,True,False
199,410.0,489,121507,0.1,0.11653405412665156,492.869887338,True,False
200,590.0,548,122055,0.1,0.0988705352791687,495.026050996,True,False
201,850.0,601,122656,0.1,0.11130489103052,500.29646087799995,True,False
202,670.0,562,123218,0.1,0.11455811975257738,502.79241800600005,True,False
203,790.0,618,123836,0.1,0.12227089636989179,505.10245171400004,True,False
204,460.0,419,124255,0.1,0.09389401773492304,506.7944254739999,True,False
205,1080.0,994,125249,0.1,0.12344053345751092,510.4194351289999,True,False
206,1020.0,570,125819,0.1,0.10963012916888569,512.8731783489999,True,False
207,580.0,512,126331,0.1,0.09584081015782431,515.2727659429999,True,False
208,1110.0,715,127046,0.1,0.12037772521917714,517.9216451229998,True,False
209,950.0,681,127727,0.1,0.11434343401342631,520.458319473,True,False
210,400.0,425,128152,0.1,0.09479060930974573,522.0877235249999,True,False
211,360.0,496,128648,0.1,0.1036059292363784,523.972450915,True,False
212,1410.0,773,129421,0.1,0.12996748958381346,527.427287563,True,False
213,610.0,540,129961,0.1,0.0909731672041946,529.507173356,True,False
214,750.0,562,130523,0.1,0.1243913940154016,531.6532039800001,True,False
215,570.0,667,131190,0.1,0.11074049827715236,534.1159146249998,True,False
216,630.0,610,131800,0.1,0.10200317664181485,536.3602039209999,True,False
217,670.0,533,132333,0.1,0.12360273850591559,538.770531262,True,False
218,1050.0,832,133165,0.1,0.14349494217178568,542.15005108,True,False
219,330.0,502,133667,0.1,0.11532787898927926,544.058176373,True,False
220,510.0,471,134138,0.1,0.09899062346035646,545.8720824859998,True,False
221,830.0,730,134868,0.1,0.10540148417358516,548.505194661,True,False
222,820.0,729,135597,0.1,0.0991742941141538,551.508539714,True,False
223,520.0,476,136073,0.1,0.10911148913329889,553.6536397149999,True,False
224,800.0,590,136663,0.1,0.12201135611909182,555.815242494,True,False
225,810.0,678,137341,0.1,0.13262691772816812,558.2974061869999,True,False
226,670.0,503,137844,0.1,0.1189890287313906,561.9704363509999,True,False
227,770.0,668,138512,0.1,0.11814449530674848,564.9622350209999,True,False
228,720.0,615,139127,0.1,0.14025583354378837,567.3988322280001,True,False
229,1030.0,700,139827,0.1,0.12805000181176832,570.0225259149998,True,False
230,700.0,764,140591,0.1,0.1471456043246685,572.8725036479999,True,False
231,770.0,675,141266,0.1,0.10707109612164765,575.4605678649999,True,False
232,410.0,493,141759,0.1,0.11165526793981956,578.017803973,True,False
233,450.0,447,142206,0.1,0.11839358473662287,579.7697685699999,True,False
234,1040.0,730,142936,0.1,0.13333078672284962,582.4520825989999,True,False
235,650.0,525,143461,0.1,0.15572951822221734,584.416950299,True,False
236,260.0,379,143840,0.1,0.10730703380939208,585.882279826,True,False
237,410.0,455,144295,0.1,0.12619814725048775,587.6047352089998,True,False
238,1000.0,633,144928,0.1,0.1325097622923881,590.5524511739999,True,False
239,340.0,471,145399,0.1,0.15208514221012592,592.4086998709998,True,False
240,1080.0,687,146086,0.1,0.12510567218021945,594.9305471209999,True,False
241,1250.0,734,146820,0.1,0.1371557977070789,597.6347773229999,True,False
242,510.0,452,147272,0.1,0.18043534714827494,599.356456653,True,False
243,1000.0,816,148088,0.1,0.11887642350413051,602.7875697639998,True,False
244,740.0,664,148752,0.1,0.1187340965472072,605.5770548659999,True,False
245,820.0,717,149469,0.1,0.13136072711259458,608.1391575239999,True,False
246,200.0,401,149870,0.1,0.10976621074602008,609.6718112069999,True,False
247,640.0,603,150473,0.1,0.11443288574945058,611.9118302319999,True,False
248,670.0,718,151191,0.1,0.12220420085892664,614.7455556619999,True,False
249,620.0,548,151739,0.1,0.10509118740956713,617.2327741179998,True,False
250,430.0,475,152214,0.1,0.1131579497938647,618.999653685,True,False
251,660.0,644,152858,0.1,0.11930853684912927,623.0298340159999,True,False
252,1270.0,604,153462,0.1,0.11959827717220942,625.2561514519999,True,False
253,190.0,305,153767,0.1,0.13335932124602168,626.503590891,True,False
254,380.0,490,154257,0.1,0.12642904737494826,628.975347703,True,False
255,170.0,358,154615,0.1,0.13180493590620795,630.3935440429999,True,False
256,1040.0,951,155566,0.1,0.17368004167405496,633.8092777179999,True,False
257,440.0,451,156017,0.1,0.14322432677830216,635.534156692,True,False
258,1160.0,969,156986,0.1,0.1306947364264037,638.9758970469999,True,False
259,330.0,396,157382,0.1,0.12243117647941666,640.897325218,True,False
260,330.0,431,157813,0.1,0.11094026153700219,642.813232787,True,False
261,350.0,458,158271,0.1,0.09103270990185831,644.566984554,True,False
262,540.0,651,158922,0.1,0.11100164535198292,646.9696599099999,True,False
263,930.0,752,159674,0.1,0.11600308270847544,649.664140561,True,False
264,250.0,380,160054,0.1,0.09735094522567171,651.139668642,True,False
265,580.0,543,160597,0.1,0.10413667493883301,653.5832124919999,True,False
266,540.0,536,161133,0.1,0.13351937899115815,655.843517964,True,False
267,450.0,586,161719,0.1,0.11398040175386896,658.045636622,True,False
268,450.0,422,162141,0.1,0.09804221785644877,659.681916334,True,False
269,420.0,497,162638,0.1,0.1189585622970856,661.5750110079999,True,False
270,840.0,840,163478,0.1,0.1288922831682222,664.7245343139999,True,False
271,490.0,509,163987,0.1,0.10502534038497238,667.2890799359999,True,False
272,700.0,568,164555,0.1,0.11381479315984418,669.4166721369999,True,False
273,870.0,787,165342,0.1,0.12686018968180654,672.36391892,True,False
274,340.0,476,165818,0.1,0.10988505361523448,674.169506609,True,False
275,2070.0,931,166749,0.1,0.12335959076481699,677.5941617739999,True,False
276,990.0,860,167609,0.1,0.14117986956654593,683.7595187189999,True,False
277,310.0,394,168003,0.1,0.12485110854768024,685.3029549459999,True,False
278,440.0,404,168407,0.1,0.12039535155169445,686.847453497,True,False
279,780.0,789,169196,0.1,0.10795480712796703,689.698942397,True,False
280,440.0,491,169687,0.1,0.13855794365288782,692.0628758869999,True,False
281,400.0,534,170221,0.1,0.14085940323047227,694.392178493,True,False
282,300.0,373,170594,0.1,0.1431028817289619,695.8565660179999,True,False
283,770.0,680,171274,0.1,0.10793488246991353,698.480248322,True,False
284,960.0,651,171925,0.1,0.1359780732816531,701.015252023,True,False
285,880.0,735,172660,0.1,0.12889413076007497,704.133761145,True,False
286,350.0,408,173068,0.1,0.1020921242295527,706.327051161,True,False
287,900.0,742,173810,0.1,0.14469431758531043,709.154210911,True,False
288,440.0,542,174352,0.1,0.1270166027414448,711.303662253,True,False
289,510.0,404,174756,0.1,0.14021726782516677,712.9387165309998,True,False
290,280.0,323,175079,0.1,0.11560153218451888,714.283978279,True,False
291,550.0,555,175634,0.1,0.11942631351969225,716.677804324,True,False
292,340.0,389,176023,0.1,0.11695620855412532,718.8606289159999,True,False
293,300.0,483,176506,0.1,0.15152262779306774,720.8395508989998,True,False
294,570.0,555,177061,0.1,0.15005675555883552,723.0338923809999,True,False
295,600.0,546,177607,0.1,0.14491070909699535,725.248642229,True,False
296,340.0,362,177969,0.1,0.1283004648348951,726.778264508,True,False
297,1050.0,787,178756,0.1,0.13793801230751923,730.0803752619998,True,False
298,1380.0,826,179582,0.1,0.17226069456291865,733.858422632,True,False
299,800.0,661,180243,0.1,0.1266098121068243,736.450976384,True,False
300,640.0,557,180800,0.1,0.12977665141224862,738.723196558,True,False
301,460.0,467,181267,0.1,0.13795786468183685,743.0313552859999,True,False
302,670.0,700,181967,0.1,0.12277440188186509,746.633858997,True,False
303,660.0,560,182527,0.1,0.11327462574200971,749.152094186,True,False
304,640.0,604,183131,0.1,0.10230817486661554,751.690397517,True,False
305,460.0,438,183569,0.1,0.09362732888284055,753.592989308,True,False
306,530.0,459,184028,0.1,0.12227176094184751,755.6828919129999,True,False
307,370.0,432,184460,0.1,0.10154873268954732,758.1566297210001,True,False
308,960.0,680,185140,0.1,0.11490142400212147,760.797924288,True,False
309,760.0,737,185877,0.1,0.12296583788449188,763.7060901879998,True,False
310,690.0,654,186531,0.1,0.12079472980387737,766.2829585119999,True,False
311,840.0,617,187148,0.1,0.1389428675715481,768.9392985609999,True,False
312,550.0,481,187629,0.1,0.14278729140448074,771.578679697,True,False
313,950.0,575,188204,0.1,0.13208048109016898,773.971381422,True,False
314,480.0,518,188722,0.1,0.12703990989704003,776.184948745,True,False
315,640.0,522,189244,0.1,0.13130550031045465,778.4064763119999,True,False
316,950.0,828,190072,0.1,0.13031927308130667,782.1118780339999,True,False
317,220.0,390,190462,0.1,0.1424800930832772,784.521812506,True,False
318,1320.0,596,191058,0.1,0.13080077800874743,787.188319638,True,False
319,430.0,451,191509,0.1,0.11784013438211606,789.0761703739998,True,False
320,1020.0,816,192325,0.1,0.14845737833164485,792.295108337,True,False
321,670.0,565,192890,0.1,0.148255827129944,794.7114930189999,True,False
322,360.0,419,193309,0.1,0.115487489849329,797.131971446,True,False
323,630.0,613,193922,0.1,0.14521917437805848,799.6759546309999,True,False
324,540.0,533,194455,0.1,0.13552516579796048,801.8223309389999,True,False
325,1300.0,660,195115,0.1,0.13978571623112215,804.4936402079999,True,False
326,480.0,471,195586,0.1,0.10439351246834307,809.923192636,True,False
327,340.0,421,196007,0.1,0.144964825024917,812.030101275,True,False
328,760.0,689,196696,0.1,0.1329378620048479,814.923183452,True,False
329,380.0,445,197141,0.1,0.13622999723228785,816.904966012,True,False
330,350.0,374,197515,0.1,0.12528445593692283,818.6221258739998,True,False
331,470.0,416,197931,0.1,0.12762280403134915,820.603428518,True,False
332,730.0,607,198538,0.1,0.13109240291248025,823.8661824539998,True,False
333,550.0,440,198978,0.1,0.13353550913320347,825.724399392,True,False
334,480.0,412,199390,0.1,0.15037674015586816,827.4285732539998,True,False
335,380.0,497,199887,0.1,0.14714814814168117,829.469897906,True,False
336,920.0,594,200481,0.1,0.13089576655461285,831.8559668459999,True,False
337,390.0,500,200981,0.1,0.13033081042021513,834.095464938,True,False
338,500.0,459,201440,0.1,0.15532430928686392,836.7215962039999,True,False
339,1260.0,584,202024,0.1,0.18065266670939856,839.1840714879999,True,False
340,1000.0,787,202811,0.1,0.1586518987671149,842.405667248,True,False
341,550.0,571,203382,0.1,0.13598390423751378,844.8470674819999,True,False
342,1410.0,904,204286,0.1,0.13515560312888922,849.435660992,True,False
343,730.0,565,204851,0.1,0.1259347063007084,851.918064227,True,False
344,600.0,585,205436,0.1,0.12116395589597777,854.3803373499999,True,False
345,780.0,606,206042,0.1,0.11472521322649835,856.862338237,True,False
346,680.0,574,206616,0.1,0.12785261205863208,859.1659310209999,True,False
347,650.0,768,207384,0.1,0.12188913252127047,862.9442631589999,True,False
348,880.0,872,208256,0.1,0.11676836963913856,866.514627634,True,False
349,800.0,667,208923,0.1,0.12479410638067737,869.2610016689999,True,False
350,1810.0,965,209888,0.1,0.10180059581810286,873.4836031149999,True,False
351,470.0,419,210307,0.1,0.0877239983707953,879.0285456299999,True,False
352,340.0,417,210724,0.1,0.1450169998265448,880.885684495,True,False
353,1510.0,725,211449,0.1,0.1259233665688591,884.020744091,True,False
354,1400.0,710,212159,0.1,0.14290534636521407,887.3416618089999,True,False
355,630.0,514,212673,0.1,0.13245350905051528,889.887329197,True,False
356,330.0,346,213019,0.1,0.13651375242963779,891.3959662439999,True,False
357,880.0,701,213720,0.1,0.14425341492857446,894.305948116,True,False
358,380.0,486,214206,0.1,0.11404921408465579,896.329371854,True,False
359,250.0,311,214517,0.1,0.13798934314399958,897.7191945189999,True,False
360,540.0,524,215041,0.1,0.13142475339349444,900.50090242,True,False
361,510.0,506,215547,0.1,0.13286997689791616,902.9889640759999,True,False
362,570.0,464,216011,0.1,0.16498240395770247,905.04121886,True,False
363,310.0,544,216555,0.1,0.135279339765582,907.389548497,True,False
364,350.0,373,216928,0.1,0.15888503750667293,909.0573482219999,True,False
365,570.0,527,217455,0.1,0.14103968772781258,911.310667932,True,False
366,410.0,384,217839,0.1,0.12031533173285425,913.4806510929999,True,False
367,880.0,597,218436,0.1,0.1423106896939377,916.3297906459999,True,False
368,940.0,817,219253,0.1,0.16055213098469026,919.660785534,True,False
369,280.0,312,219565,0.1,0.08236846746876836,921.059006948,True,False
370,650.0,720,220285,0.1,0.13496444501603644,923.971952451,True,False
371,1240.0,1008,221293,0.1,0.12899190665311402,928.928031343,True,False
372,670.0,644,221937,0.1,0.12280003296107239,931.5913864809999,True,False
373,230.0,390,222327,0.1,0.08410551848331678,933.3188064049999,True,False
374,1930.0,763,223090,0.1,0.12476253220860246,936.530361899,True,False
375,560.0,598,223688,0.1,0.12496808577949801,939.5920122199999,True,False
376,510.0,513,224201,0.1,0.1379411625675857,944.3494237009999,True,False
377,1060.0,813,225014,0.1,0.12838744257434542,947.679815871,True,False
378,4080.0,804,225818,0.1,0.11836249968824696,951.078740759,True,False
379,760.0,540,226358,0.1,0.09652879104294158,954.0803262839999,True,False
380,710.0,557,226915,0.1,0.11974968354505815,956.4373355179999,True,False
381,1060.0,584,227499,0.1,0.13924957605155364,958.84944263,True,False
382,470.0,496,227995,0.1,0.08764557684621503,960.920504971,True,False
383,940.0,788,228783,0.1,0.11063868571356468,964.4271183929999,True,False
384,780.0,727,229510,0.1,0.10821986232198529,968.104924895,True,False
385,630.0,571,230081,0.1,0.1045921955622368,970.4896292469999,True,False
386,330.0,382,230463,0.1,0.15348849059327652,972.187912685,True,False
387,650.0,426,230889,0.1,0.12860515261086347,974.0319886799999,True,False
388,470.0,475,231364,0.1,0.12971663370947628,976.0906697899999,True,False
389,1900.0,959,232323,0.1,0.15901353507922283,980.7947194340001,True,False
390,700.0,599,232922,0.1,0.14063531632224718,983.2370548939999,True,False
391,680.0,801,233723,0.1,0.13084204848855735,986.53388134,True,False
392,690.0,609,234332,0.1,0.12963146805227582,989.072139456,True,False
393,330.0,414,234746,0.1,0.15163317941201543,991.182244622,True,False
394,740.0,608,235354,0.1,0.16281214036586644,994.230105383,True,False
395,430.0,458,235812,0.1,0.11009783169821552,996.1641832720001,True,False
396,380.0,478,236290,0.1,0.1119930705822566,998.211401419,True,False
397,460.0,431,236721,0.1,0.14801501482725143,1000.107745727,True,False
398,1370.0,880,237601,0.1,0.161057812911035,1003.8315392119999,True,False
399,370.0,399,238000,0.1,0.14317179042845965,1006.224904217,True,False
400,360.0,442,238442,0.1,0.13158721420913935,1008.180368297,True,False
401,650.0,632,239074,0.1,0.14544147968622326,1014.0821356789999,True,False
402,1070.0,914,239988,0.1,0.13230903183138526,1018.320210962,True,False
403,630.0,665,240653,0.1,0.12807660342295127,1021.3334732089999,True,False
404,900.0,660,241313,0.1,0.12093147926709868,1024.080482854,True,False
405,1440.0,836,242149,0.1,0.11712435789798435,1027.578193409,True,False
406,860.0,852,243001,0.1,0.12423764461292908,1031.763378051,True,False
407,420.0,453,243454,0.1,0.09017825280769473,1033.789367925,True,False
408,640.0,720,244174,0.1,0.09270315183740523,1036.8094989800002,True,False
409,440.0,474,244648,0.1,0.1045217413392638,1038.8493637669999,True,False
410,850.0,715,245363,0.1,0.13017960495493386,1041.724007579,True,False
411,680.0,626,245989,0.1,0.11032614658829892,1045.128393932,True,False
412,1370.0,1025,247014,0.1,0.11317252169828862,1049.2593595120002,True,False
413,580.0,552,247566,0.1,0.11418687590006468,1051.621156277,True,False
414,460.0,508,248074,0.1,0.0859447106807016,1053.8141462429999,True,False
415,540.0,443,248517,0.1,0.10823751566512091,1056.015051726,True,False
416,1240.0,681,249198,0.1,0.10433923483771436,1059.4114907069998,True,False
417,990.0,864,250062,0.1,0.11997234476385293,1062.8712278859998,True,False
418,420.0,380,250442,0.1,0.12521029879388057,1064.6299058629997,True,False
419,630.0,569,251011,0.1,0.12909934650057217,1067.068837454,True,False
420,600.0,686,251697,0.1,0.11480683390440982,1070.657877603,True,False
421,1880.0,661,252358,0.1,0.13454937431961297,1073.481071876,True,False
422,350.0,430,252788,0.1,0.11479463381692767,1075.3626872209998,True,False
423,980.0,934,253722,0.1,0.12411915621212624,1079.2144005330001,True,False
424,350.0,427,254149,0.1,0.13042651628640212,1081.073412232,True,False
425,430.0,435,254584,0.1,0.13779835698596382,1083.745516216,True,False
426,570.0,581,255165,0.1,0.118959165428733,1088.477280224,True,False
427,240.0,302,255467,0.1,0.11567354435722033,1089.7829079929998,True,False
428,390.0,530,255997,0.1,0.10720427477158102,1092.0013555609999,True,False
429,270.0,431,256428,0.1,0.13674279240270457,1093.8719379109998,True,False
430,580.0,496,256924,0.1,0.12663199375533768,1096.764955958,True,False
431,680.0,551,257475,0.1,0.13796965463807548,1099.205142024,True,False
432,1370.0,774,258249,0.1,0.1282304166528137,1102.4230487209998,True,False
433,1130.0,874,259123,0.1,0.1296448215987499,1105.9473467049997,True,False
434,500.0,464,259587,0.1,0.14269990526974716,1108.2426765129999,True,False
435,1330.0,664,260251,0.1,0.1292793072131743,1111.6232345919998,True,False
436,810.0,662,260913,0.1,0.11664734079491303,1114.4163143279998,True,False
437,420.0,487,261400,0.1,0.1196888054369903,1116.562850976,True,False
438,1150.0,570,261970,0.1,0.1381334366381798,1119.011916242,True,False
439,270.0,349,262319,0.1,0.1545031426324584,1120.722972308,True,False
440,380.0,437,262756,0.1,0.10471007756211541,1123.3552239699998,True,False
441,420.0,482,263238,0.1,0.1479445725757008,1125.429999426,True,False
442,760.0,603,263841,0.1,0.1186060570550478,1128.061644715,True,False
443,630.0,503,264344,0.1,0.12941073383840304,1130.141369091,True,False
444,700.0,866,265210,0.1,0.14360542035730625,1133.84906387,True,False
445,510.0,489,265699,0.1,0.1395857094130555,1136.6140815590002,True,False
446,1410.0,796,266495,0.1,0.12351084202902401,1139.7818183509999,True,False
447,460.0,441,266936,0.1,0.12990395704636704,1141.688219577,True,False
448,250.0,366,267302,0.1,0.11897739503982958,1143.268844574,True,False
449,350.0,458,267760,0.1,0.15986693303870117,1145.298028104,True,False
450,710.0,666,268426,0.1,0.15673682302326322,1148.606190419,True,False
451,300.0,416,268842,0.1,0.1510805575750195,1153.4052875409998,True,False
452,430.0,396,269238,0.1,0.14995480110548964,1155.1408643119998,True,False
453,1100.0,746,269984,0.1,0.1462715992126315,1158.200716976,True,False
454,490.0,445,270429,0.1,0.14829892863158708,1160.441573514,True,False
455,660.0,478,270907,0.1,0.13891043352792745,1163.0153522659998,True,False
456,380.0,404,271311,0.1,0.16289592233698558,1164.7947462070001,True,False
457,300.0,310,271621,0.1,0.13463269744832546,1166.207860176,True,False
458,410.0,493,272114,0.1,0.1297122502654064,1168.2471496140001,True,False
459,540.0,766,272880,0.1,0.15805402039162195,1171.4702304449997,True,False
460,990.0,661,273541,0.1,0.1345062602537148,1174.787065719,True,False
461,340.0,408,273949,0.1,0.15442014923867056,1176.7135566719999,True,False
462,380.0,410,274359,0.1,0.14722075468550125,1178.5571136600001,True,False
463,2090.0,752,275111,0.1,0.12965783810223194,1181.5961191390002,True,False
464,430.0,436,275547,0.1,0.15024123703121045,1183.5109044179999,True,False
465,310.0,445,275992,0.1,0.13025697475365763,1185.515008244,True,False
466,1170.0,693,276685,0.1,0.14835742111129396,1189.2239471849998,True,False
467,530.0,667,277352,0.1,0.1272282168536843,1191.951827461,True,False
468,820.0,557,277909,0.1,0.12174403719711217,1194.1886362659998,True,False
469,1470.0,798,278707,0.1,0.10708260212336952,1197.34782809,True,False
470,640.0,590,279297,0.1,0.12392939966977448,1200.1244823279999,True,False
471,710.0,582,279879,0.1,0.0902798094754589,1202.827625466,True,False
472,700.0,582,280461,0.1,0.1181129283679981,1205.129775801,True,False
473,1370.0,739,281200,0.1,0.1024728445688615,1207.92528756,True,False
474,730.0,648,281848,0.1,0.11795071234213717,1210.400774027,True,False
475,1250.0,793,282641,0.1,0.10793049603399604,1214.217831127,True,False
476,250.0,324,282965,0.1,0.08647937789835312,1217.7269627649998,True,False
477,420.0,488,283453,0.1,0.10416701491006085,1219.6744573829997,True,False
478,880.0,674,284127,0.1,0.14450526942632028,1222.303437514,True,False
479,500.0,517,284644,0.1,0.13818740398408128,1224.2871805159998,True,False
480,450.0,493,285137,0.1,0.13945185184115316,1226.8709957349997,True,False
481,540.0,426,285563,0.1,0.1275632382405676,1228.6699601649998,True,False
482,210.0,342,285905,0.1,0.12124297685574653,1230.0604621319999,True,False
483,1030.0,697,286602,0.1,0.13865901576890344,1232.7375871089998,True,False
484,850.0,786,287388,0.1,0.16363066158772724,1235.6734785639997,True,False
485,350.0,471,287859,0.1,0.12335692454352339,1237.610245332,True,False
486,460.0,533,288392,0.1,0.1301624710018288,1240.3642738949998,True,False
487,1490.0,779,289171,0.1,0.10604638722485181,1243.272585188,True,False
488,1190.0,941,290112,0.1,0.12633704303732238,1246.82237222,True,False
489,420.0,401,290513,0.1,0.13857638966292143,1248.687427075,True,False
490,520.0,550,291063,0.1,0.11233548298614086,1251.4503501519998,True,False
491,550.0,501,291564,0.1,0.10550603068004998,1253.9923284679999,True,False
492,1390.0,1041,292605,0.1,0.11291704050336893,1257.9677662209997,True,False
493,620.0,597,293202,0.1,0.09706578174943492,1260.35644865,True,False
494,620.0,626,293828,0.1,0.09291754211566061,1262.9068190149997,True,False
495,510.0,479,294307,0.1,0.1190845054582137,1265.454197215,True,False
496,390.0,488,294795,0.1,0.13208821339563268,1267.636726582,True,False
497,1120.0,517,295312,0.1,0.10089104573887128,1269.729296347,True,False
498,750.0,680,295992,0.1,0.12527090293519638,1272.5282110839998,True,False
499,390.0,464,296456,0.1,0.1297151794865856,1274.5125821379997,True,False
500,1100.0,788,297244,0.1,0.12869919497557553,1278.269790032,True,False
